<AssetPackage Name="mycompany-scenery-simple" Version="0.1.0">
	<ItemSettings>
		<ContentType>SCENERY</ContentType>
		<Title>Simple Scenery</Title>
		<Creator>My Company</Creator>
		<Description/>
	</ItemSettings>
	<Flags>
		<VisibleInStore>false</VisibleInStore>
		<CanBeReferenced>false</CanBeReferenced>
	</Flags>
	<AssetGroups>
		<AssetGroup Name="ContentInfo">
			<Type>Copy</Type>
			<Flags>
				<FSXCompatibility>false</FSXCompatibility>
			</Flags>
			<AssetDir>PackageDefinitions\mycompany-scenery-simple\ContentInfo\</AssetDir>
			<OutputDir>ContentInfo\mycompany-scenery-simple\</OutputDir>
		</AssetGroup>
		<AssetGroup Name="mymodellib">
			<Type>ArtProj</Type>
			<Flags>
				<FSXCompatibility>false</FSXCompatibility>
			</Flags>
			<AssetDir>PackageSources\modelLib\</AssetDir>
			<OutputDir>scenery\mycompany\</OutputDir>
		</AssetGroup>
		<AssetGroup Name="myscene">
			<Type>BGL</Type>
			<Flags>
				<FSXCompatibility>false</FSXCompatibility>
			</Flags>
			<AssetDir>PackageSources\scene\</AssetDir>
			<OutputDir>scenery\mycompany\</OutputDir>
		</AssetGroup>
	</AssetGroups>
</AssetPackage>

